<?xml version="1.0" encoding="UTF-8" ?>
<!DOCTYPE struts PUBLIC
    "-//Apache Software Foundation//DTD Struts Configuration 2.0//EN"
    "http://struts.apache.org/dtds/struts-2.0.dtd">

<struts>
    <package name="bundle-demo" namespace="/osgi" extends="osgi-default">
        <default-action-ref name="home" />
        <action name="hello-velocity" class="helloWorldAction">
            <result type="velocity">/content/osgi/hello.vm</result>
        </action>
        <action name="hello-freemarker" class="helloWorldAction">
            <result type="freemarker">/content/osgi/hello.ftl</result>
        </action>

        <action name="home">
            <result type="freemarker">/content/osgi/home.ftl</result>
        </action>
    </package>
</struts>